ID,bridg_po
100014,0
100033,0
100067,1
100080,1
100131,1
100149,1
100154,1
100177,0
100219,1
100235,0
100300,0
100344,1
100371,0
100385,1
100424,0
100430,1
100448,1
100482,0
100509,1
100513,0
100532,1
100578,1
100584,0
100634,1
100647,1
100652,1
100681,0
100725,0
100739,0
100787,1
100827,1
100843,1
100891,0
100986,1
100993,1
101021,0
101032,0
101045,1
101050,0
101066,0
101078,0
101084,1
101130,0
101148,1
101153,1
101182,0
101273,0
101294,0
101327,1
101336,1
101389,0
101391,1
101423,0
101434,1
101452,0
101468,0
101475,0
101512,1
101531,0
101554,0
101565,0
101577,1
101596,0
101622,1
101667,0
101679,0
101698,1
101701,0
101717,1
101729,0
101738,0
101755,0
101786,0
101803,0
101842,1
101857,1
101890,0
101900,1
101928,1
101937,0
101944,1
101959,0
101963,0
101985,1
102002,0
102041,0
102073,1
102087,0
102094,0
102104,0
102127,1
102136,0
102158,1
102209,0
102221,0
102284,0
102311,1
102324,0
102348,0
102353,0
102395,0
102400,0
102437,0
102459,1
102471,0
102485,0
102492,0
102519,0
102535,1
102542,0
102557,0
102640,0
102686,1
102705,1
102746,0
102751,0
102767,0
102779,0
102808,1
102812,1
102865,1
102883,0
102896,1
102910,0
102952,0
102975,1
102981,0
102999,0
103007,0
103030,0
103048,0
103146,1
103151,0
103200,0
103216,1
103228,0
103237,0
103263,0
103292,0
103325,0
103339,1
103341,0
103356,1
103387,0
103432,0
103445,0
103450,0
103466,0
103484,0
103534,0
103552,1
103581,0
103608,1
103612,1
103620,0
103654,0
103704,1
103715,0
103727,1
103736,1
103743,0
103855,1
103864,1
103893,0
103926,1
103935,1
103942,1
103961,1
103988,0
103990,0
104038,0
104055,0
104086,1
104103,1
104135,1
104157,1
104161,0
104174,1
104188,1
104249,0
104265,1
104296,1
104347,1
104436,0
104462,1
104470,0
104489,0
104539,1
104556,0
104573,0
104587,1
104637,1
104663,0
104671,1
104685,0
104713,0
104721,0
104732,0
104766,0
104811,0
104848,1
104853,0
104895,0
104905,0
104922,1
105071,0
105092,0
105125,0
105156,0
105207,0
105211,0
105224,0
105230,0
105253,1
105269,0
105295,0
105305,1
105322,0
105380,1
105398,0
105435,0
105461,1
105474,0
105501,0
105529,0
105540,0
105586,1
105604,1
105615,1
105636,0
105643,1
105658,1
105662,1
105670,1
105691,1
105708,0
105720,1
105777,0
105796,0
105823,0
105847,1
105868,1
105875,0
105899,1
105909,0
105913,1
105921,0
105932,1
105950,1
105978,0
105997,0
106015,1
106043,1
106058,0
106089,0
106101,0
106117,1
106129,0
106138,1
106140,1
106164,0
106186,1
106223,1
106247,0
106281,1
106309,0
106321,0
106345,1
106350,1
106378,0
106397,0
106402,0
106425,0
106441,0
106460,1
106473,1
106487,1
106500,0
106516,0
106544,0
106592,1
106626,1
106635,1
106688,0
106724,0
106730,0
106753,0
106776,1
106795,0
106814,1
106867,1
106879,0
106880,0
106908,1
106920,0
106949,0
106954,1
106977,0
106996,0
107008,0
107049,0
107065,0
107077,0
107083,0
107110,0
107181,1
107199,0
107201,1
107217,0
107238,0
107255,1
107286,0
107303,0
107319,0
107335,1
107342,1
107361,1
107374,0
107388,1
107414,1
107451,0
107467,0
107479,1
107480,0
107498,1
107524,0
107553,1
107569,0
107576,0
107613,1
107621,0
107697,0
107700,0
107737,1
107744,1
107759,0
107763,0
107792,1
107802,0
107825,0
107839,0
107873,0
107887,0
107927,1
107943,0
107958,0
107962,1
108003,1
108019,0
108042,0
108061,1
108088,1
108090,0
108163,1
108171,1
108251,1
108279,0
108312,0
108320,0
108396,0
108527,0
108543,1
108562,1
108589,0
108694,0
108781,0
108809,0
108813,1
108821,0
108832,0
108866,1
108878,0
108907,0
108930,0
108948,0
108953,0
108969,1
108976,0
108982,0
109023,0
109047,1
109068,1
109075,0
109081,1
109109,1
109121,0
109132,1
109145,0
109150,0
109166,0
109178,0
109184,1
109215,0
109243,0
109262,1
109291,0
109317,0
109338,0
109340,1
109372,1
109393,1
109408,0
109431,1
109483,0
109505,0
109522,0
109546,0
109551,0
109598,1
109607,1
109624,0
109630,1
109676,0
109682,0
109695,1
109719,0
109735,0
109742,0
109757,0
109774,0
109800,1
109828,1
109837,1
109844,0
109859,1
109863,0
109871,1
109885,0
109892,0
109902,1
109918,1
109925,0
109941,1
109956,0
110017,0
110038,0
110064,0
110072,1
110086,0
110093,0
110135,0
110161,0
110174,0
110188,1
110190,1
110208,0
110220,1
110249,0
110265,0
110310,0
110347,1
110375,1
110381,1
110427,1
110436,0
110462,1
110502,0
110525,0
110556,1
110560,0
110600,1
110616,1
110637,0
110659,0
110713,1
110721,0
110750,1
110766,1
110807,1
110853,0
110876,1
110914,0
110922,1
110967,0
110979,1
110998,0
111018,0
111039,0
111041,1
111087,0
111104,0
111115,1
111162,1
111191,1
111209,0
111221,0
111266,0
111278,1
111284,1
111330,0
111353,0
111400,1
111416,0
111444,0
111459,1
111471,0
111492,1
111503,1
111526,1
111542,0
111574,1
111590,0
111601,0
111617,0
111655,1
111672,0
111686,1
111746,0
111767,0
111779,0
111812,0
111831,1
111854,1
111877,1
111906,0
111923,1
111934,1
111975,0
112009,1
112066,0
112084,0
112130,1
112153,0
112273,0
112370,1
112406,1
112447,0
112468,0
112475,1
112508,0
112520,1
112565,0
112646,1
112651,1
112667,0
112679,1
112680,1
112698,0
112701,1
112740,1
112772,1
112786,0
112857,1
112874,1
112900,1
112916,1
112928,0
112971,1
113015,0
113027,0
113043,1
113058,1
113070,1
113089,1
113138,0
113155,1
113164,0
113186,1
113210,1
113223,0
113268,0
113309,1
113397,1
113425,0
113460,1
113494,0
113500,0
113537,0
113563,1
113592,1
113619,0
113626,1
113642,0
113690,1
113707,1
113711,1
113724,0
113730,0
113753,0
113776,0
113795,1
113805,1
113833,0
113846,0
113879,0
113898,0
113912,1
113954,0
113965,0
113983,0
114014,0
114022,1
114033,0
114046,0
114067,1
114079,1
114098,1
114120,1
114131,1
114154,1
114203,0
114235,0
114257,0
114261,1
114300,1
114337,0
114371,0
114392,0
114407,1
114424,1
114453,0
114476,0
114495,0
114509,0
114532,1
114550,1
114566,1
114584,1
114634,0
114647,0
114652,0
114668,0
114675,1
114702,1
114718,0
114741,0
114760,1
114794,1
114804,0
114827,0
114862,1
114870,0
114929,0
114955,1
114972,1
114993,0
115052,1
115075,0
115099,0
115109,0
115113,1
115145,0
115150,0
115197,0
115204,0
115215,0
115258,0
115262,1
115270,0
115291,0
115338,0
115355,0
115408,1
115454,0
115477,0
115496,1
115522,1
115533,0
115546,0
115551,1
115567,0
115579,1
115607,0
115695,1
115726,0
115735,1
115742,0
115800,0
115816,0
115828,0
115837,0
115859,1
115871,0
115892,0
115902,0
115918,0
115925,1
115956,1
115960,0
116007,0
116011,1
116024,0
116030,1
116048,0
116069,1
116076,1
116122,0
116133,1
116167,0
116198,1
116200,0
116216,0
116237,1
116259,0
116325,0
116339,0
116341,1
116360,1
116421,0
116445,0
116450,1
116497,1
116506,0
116510,1
116523,1
116547,1
116552,1
116568,0
116612,1
116677,1
116683,0
116704,0
116715,0
116727,0
116743,0
116791,0
116801,1
116829,0
116840,0
116872,0
116886,0
116893,0
116926,1
116974,1
117026,0
117042,0
117088,1
117100,1
117116,0
117128,0
117163,1
117222,0
117233,1
117246,0
117280,0
117298,0
117312,0
117320,1
117331,0
117354,1
117396,0
117401,1
117417,1
117429,1
117464,0
117504,0
117536,0
117589,0
117602,0
117639,1
117641,0
117656,0
117660,1
117673,1
117687,1
117710,0
117768,0
117775,1
117809,0
117813,0
117821,1
117832,0
117878,0
117897,0
117930,0
117948,1
117953,1
117976,0
117982,1
117995,0
118012,0
118020,1
118049,0
118096,0
118106,1
118152,1
118175,0
118199,1
118238,1
118240,1
118255,0
118272,0
118293,1
118335,1
118361,0
118374,0
118388,0
118405,1
118414,0
118479,0
118507,1
118511,0
118548,0
118595,0
118613,1
118632,1
118645,1
118650,1
118666,0
118678,1
118684,0
118697,1
118700,1
118716,1
118818,1
118841,1
118873,0
118894,1
118927,0
118958,1
118962,0
118989,0
118991,1
119000,0
119028,0
119037,0
119059,1
119071,0
119085,0
119139,0
119141,1
119160,0
119173,0
119187,1
119194,1
119207,0
119211,1
119224,0
119248,1
119282,1
119295,0
119305,1
119322,1
119351,0
119367,0
119379,0
119380,0
119398,1
119419,1
119426,0
119435,0
119461,0
119501,0
119517,0
119538,1
119572,1
119586,1
119593,0
119615,1
119636,1
119643,0
119658,0
119691,0
119720,1
119731,1
119796,0
119810,1
119823,1
119847,0
119852,0
119868,1
119921,0
119984,1
120034,0
120047,0
120068,0
120075,0
120109,0
120113,0
120121,0
120132,1
120166,1
120178,0
120184,1
120204,1
120215,0
120227,0
120243,1
120270,0
120301,1
120329,1
120338,0
120340,0
120372,1
120408,0
120420,1
120431,1
120449,0
120483,0
120496,0
120505,1
120546,1
120551,1
120611,1
120624,0
120630,1
120648,1
120653,1
120669,1
120676,1
120695,0
120719,0
120726,1
120742,0
120757,0
120774,0
120788,1
120790,0
120863,0
120885,1
120892,1
120925,0
120960,0
121014,0
121033,1
121046,0
121067,1
121080,0
121108,1
121120,0
121131,0
121154,1
121165,1
121203,0
121219,1
121226,1
121235,1
121242,0
121261,0
121290,0
121300,1
121316,0
121337,0
121363,1
121424,1
121430,0
121448,1
121476,0
121509,0
121578,0
121606,1
121652,1
121668,0
121675,1
121702,0
121787,0
121794,0
121815,1
121836,0
121870,1
121889,0
121929,0
121938,0
121940,0
121972,1
122019,0
122026,0
122061,1
122090,1
122100,1
122116,1
122128,0
122137,1
122185,0
122214,0
122222,1
122233,0
122279,1
122320,1
122331,0
122365,1
122383,1
122396,0
122401,1
122417,0
122438,0
122440,1
122455,1
122472,0
122527,0
122543,0
122558,1
122562,1
122589,0
122591,1
122639,0
122687,0
122723,1
122799,1
122813,1
122821,0
122832,1
122850,0
122866,0
122884,0
122911,0
122930,1
122995,1
123012,0
123020,0
123031,0
123049,0
123065,1
123077,0
123110,1
123123,0
123152,1
123168,1
123181,1
123199,0
123238,1
123240,0
123272,1
123286,0
123326,0
123342,1
123361,0
123374,0
123388,0
123433,0
123511,0
123548,1
123553,1
123609,1
123613,1
123632,1
123650,1
123700,0
123716,0
123744,0
123771,0
123785,0
123792,0
123860,1
123887,1
123904,0
123958,0
123962,1
123991,0
124002,0
124039,0
124087,0
124115,1
124143,0
124158,0
124191,1
124209,0
124221,1
124245,0
124250,1
124266,0
124278,1
124284,0
124297,1
124307,1
124311,1
124376,0
124395,1
124444,0
124463,0
124492,0
124519,1
124526,0
124557,0
124638,0
124714,1
124722,1
124746,1
124751,0
124779,1
124808,1
124812,0
124854,1
124865,0
124877,0
124883,0
124896,0
124910,1
124952,0
124981,0
125040,1
125055,0
125086,0
125119,0
125161,0
125174,1
125208,1
125212,1
125277,0
125296,0
125310,0
125347,1
125427,0
125458,0
125489,0
125573,0
125594,0
125637,0
125644,1
125663,1
125671,1
125685,0
125709,0
125766,1
125811,0
125914,0
125922,0
125933,0
125951,1
125998,1
126028,0
126037,1
126044,1
126063,0
126092,0
126118,0
126160,0
126187,1
126194,0
126230,1
126269,1
126276,1
126295,1
126314,0
126346,1
126351,0
126367,0
126379,0
126419,1
126426,0
126435,1
126442,0
126457,0
126474,1
126488,0
126501,1
126529,0
126538,0
126540,1
126564,0
126572,0
126604,1
126615,0
126670,0
126689,1
126708,0
126712,0
126731,0
126749,1
126754,0
126777,1
126806,0
126852,0
126868,0
126875,1
126881,0
126899,0
126909,0
126966,1
126997,1
127013,0
127021,0
127032,0
127045,1
127066,1
127124,0
127148,0
127169,0
127176,0
127195,0
127202,0
127218,0
127304,1
127315,0
127327,1
127336,0
127370,0
127391,0
127410,0
127423,1
127447,0
127481,0
127499,1
127508,1
127512,0
127520,1
127531,0
127565,0
127577,0
127583,0
127605,1
127622,1
127667,1
127679,0
127701,1
127740,1
127786,0
127874,1
127888,0
127900,0
127916,0
127928,0
127959,1
127985,0
128015,0
128058,1
128062,0
128101,0
128129,0
128138,0
128140,0
128155,0
128172,0
128193,0
128206,0
128268,1
128275,0
128313,1
128350,1
128384,0
128397,1
128402,0
128425,0
128439,0
128441,0
128460,1
128487,1
128537,1
128544,1
128559,0
128563,1
128592,1
128603,0
128619,1
128626,0
128635,1
128657,1
128661,0
128690,1
128730,0
128753,0
128769,0
128776,1
128782,0
128795,1
128805,0
128833,0
128846,0
128851,0
128880,1
128908,0
128912,0
128920,1
128949,1
128965,0
128977,0
129007,1
129011,0
129048,0
129069,0
129095,1
129105,0
129122,0
129133,0
129151,0
129167,1
129180,1
129237,0
129259,0
129271,1
129341,1
129373,1
129409,1
129413,1
129432,1
129484,0
129510,0
129534,1
129568,0
129575,0
129608,0
129620,1
129649,1
129696,0
129715,0
129727,1
129736,0
129743,0
129770,0
129789,0
129791,0
129801,0
129829,1
129893,1
129919,1
129935,1
129957,0
129990,1
130018,0
130025,1
130039,0
130041,0
130060,0
130094,0
130104,1
130136,0
130143,0
130189,1
130245,0
130297,1
130307,0
130324,0
130330,0
130348,1
130400,0
130416,0
130444,1
130492,0
130503,1
130535,0
130557,1
130617,0
130629,0
130638,1
130655,1
130686,0
130705,1
130714,1
130722,1
130767,1
130812,0
130849,0
130854,1
130865,0
130883,0
130910,0
130934,0
130968,0
130975,1
130999,1
131003,0
131042,0
131061,1
131090,0
131128,1
131144,0
131185,1
131192,1
131214,0
131222,1
131251,1
131279,1
131280,1
131320,0
131331,0
131354,1
131365,0
131377,1
131383,1
131401,1
131417,0
131429,0
131438,0
131440,0
131527,1
131536,0
131543,1
131602,0
131618,1
131639,1
131641,0
131656,0
131687,0
131752,1
131775,0
131781,0
131799,1
131813,1
131832,0
131850,0
131878,1
131884,0
131897,1
131911,1
131924,0
131948,0
131953,1
131995,0
132033,0
132046,0
132051,1
132067,1
132112,1
132120,0
132165,1
132177,0
132183,0
132226,0
132261,1
132274,1
132300,0
132328,0
132344,0
132371,0
132392,1
132430,1
132453,1
132469,1
132476,0
132550,1
132578,1
132606,1
132623,0
132634,0
132652,1
132718,1
132739,1
132756,0
132773,0
132787,0
132836,0
132843,1
132870,0
132889,0
132901,1
132955,0
132986,0
133000,1
133044,0
133085,1
133092,0
133141,0
133160,0
133173,0
133187,0
133224,0
133230,0
133253,1
133269,0
133276,1
133305,1
133322,1
133346,1
133351,0
133379,0
133380,0
133403,0
133419,0
133426,1
133435,1
133442,0
133457,0
133474,0
133488,0
133517,0
133586,1
133593,1
133604,0
133615,0
133627,0
133643,0
133658,0
133689,0
133691,0
133708,0
133712,1
133720,1
133754,0
133783,1
133823,0
133834,0
133875,0
133881,1
133899,1
133932,1
133950,0
133966,0
133984,0
134034,0
134052,0
134075,1
134121,1
134150,0
134178,1
134197,0
134236,0
134243,0
134262,1
134291,1
134317,0
134355,0
134364,1
134372,0
134449,1
134496,0
134546,0
134551,0
134567,1
134579,0
134624,0
134669,0
134703,1
134742,1
134774,1
134816,0
134885,1
134918,1
134941,0
134960,1
134973,0
134987,0
135024,0
135048,0
135053,0
135095,1
135122,1
135133,0
135146,0
135167,1
135179,0
135180,0
135216,1
135228,0
135244,1
135259,1
135271,0
135292,0
135318,0
135339,0
135341,0
135387,1
135450,1
135478,1
135484,0
135497,0
135523,0
135552,1
135620,1
135654,1
135727,0
135762,0
135789,1
135791,1
135801,0
135829,0
135838,1
135855,0
135864,1
135872,0
135919,0
135926,0
135935,1
135957,1
136077,0
136096,0
136106,0
136110,0
136134,1
136152,1
136168,0
136181,0
136199,0
136201,0
136229,1
136240,0
136286,1
136319,1
136326,1
136335,0
136342,1
136361,1
136390,1
136414,0
136422,1
136433,0
136451,1
136467,1
136498,1
136507,0
136553,0
136582,0
136595,0
136609,0
136645,1
136650,0
136684,0
136700,0
136716,0
136744,0
136759,1
136802,1
136825,1
136839,1
136841,1
136856,0
136915,0
136927,1
136962,1
137027,0
137062,0
137091,0
137129,1
137140,1
137206,1
137247,0
137252,0
137281,1
137299,0
137309,0
137345,1
137350,1
137425,0
137460,1
137487,1
137516,0
137559,1
137571,0
137603,0
137619,1
137661,1
137690,0
137711,0
137724,1
137769,0
137776,1
137822,1
137846,0
137879,0
137912,1
137931,0
137954,1
137977,1
137996,0
138009,0
138013,0
138032,1
138045,1
138050,1
138066,0
138078,1
138084,0
138111,0
138124,0
138176,1
138218,0
138241,0
138256,0
138294,0
138304,1
138327,1
138370,1
138391,1
138468,0
138481,1
138531,1
138554,1
138565,1
138583,1
138596,1
138614,0
138622,0
138667,1
138701,0
138717,0
138729,0
138755,0
138772,1
138786,0
138803,0
138826,0
138835,1
138857,1
138861,0
138874,0
138890,0
138900,1
138916,0
138928,0
138959,1
138963,0
139001,0
139017,0
139040,0
139055,1
139064,0
139086,0
139093,1
139119,0
139161,1
139174,0
139188,0
139190,1
139212,0
139220,1
139231,0
139254,0
139265,0
139277,1
139283,1
139310,1
139323,0
139381,0
139399,0
139404,0
139415,0
139458,1
139556,0
139573,1
139587,0
139594,1
139616,1
139637,1
139663,1
139685,1
139692,0
139709,1
139713,0
139732,0
139750,0
139797,0
139811,0
139824,1
139830,0
139848,1
139853,1
139869,1
139895,0
139905,0
139946,1
139967,1
139979,1
139998,1
140015,1
140027,0
140036,1
140043,1
140058,0
140070,0
140089,0
140091,0
140101,0
140129,1
140140,0
140206,0
140234,0
140252,0
140281,0
140350,1
140366,1
140378,0
140397,1
140418,0
140425,0
140456,0
140460,1
140473,0
140494,0
140500,0
140528,0
140537,0
140559,0
140571,1
140585,1
140592,0
140603,1
140642,0
140657,0
140661,0
140690,1
140707,1
140711,0
140753,0
140769,1
140776,1
140814,0
140822,1
140833,0
140846,1
140867,1
140898,1
140931,1
141000,0
141028,1
141037,1
141085,0
141102,1
141118,1
141125,1
141139,0
141207,0
141211,1
141230,1
141295,1
141346,1
141379,1
141398,0
141426,1
141461,0
141474,1
141488,1
141540,0
141593,0
141604,1
141643,0
141662,0
141765,1
141783,0
141810,1
141852,0
141875,1
141899,0
141909,0
141913,1
141921,1
141945,0
141950,0
141978,0
141997,1
142082,0
142105,1
142114,0
142133,0
142146,1
142167,0
142179,0
142259,0
142271,0
142339,0
142341,1
142360,0
142394,0
142409,1
142432,1
142445,1
142466,1
142484,0
142568,0
142575,0
142581,1
142608,1
142620,1
142715,1
142736,1
142743,0
142762,1
142789,0
142817,1
142829,1
142840,1
142855,0
142864,0
142942,0
142974,0
142988,0
143002,1
143018,1
143025,0
143039,0
143041,1
143056,1
143073,1
143094,0
143104,1
143115,1
143127,0
143136,1
143158,0
143170,0
143209,0
143213,1
143221,0
143245,0
143250,0
143278,1
143284,0
143311,0
143353,0
143382,0
143428,0
143444,1
143535,1
143542,0
143557,1
143561,0
143574,1
143617,0
143629,0
143664,1
143672,1
143693,1
143705,1
143714,1
143722,0
143733,0
143779,1
143820,0
143906,0
143910,0
143923,0
143947,0
143975,0
143981,0
144031,1
144049,0
144077,0
144096,0
144123,1
144147,1
144152,0
144168,1
144229,0
144238,1
144255,1
144303,1
144335,0
144342,1
144361,1
144374,1
144405,1
144422,0
144446,0
144467,0
144507,0
144530,0
144553,1
144613,0
144645,0
144678,1
144697,1
144700,0
144716,0
144728,0
144763,1
144785,0
144802,0
144818,0
144839,1
144841,1
144860,0
144873,0
144904,0
144943,0
144958,1
145009,0
145013,0
145021,1
145045,0
145050,1
145130,1
145148,0
145182,0
145304,0
145327,0
145358,0
145389,1
145391,0
145406,0
145410,1
145423,1
145468,0
145475,1
145481,1
145499,0
145508,0
145512,1
145531,0
145565,1
145577,0
145596,1
145614,0
145622,0
145667,0
145679,1
145680,1
145698,1
145740,0
145755,0
145772,0
145786,1
145793,0
145803,0
145819,0
145826,0
145959,1
145971,0
145985,0
145992,1
146051,0
146067,1
146079,1
146098,0
146120,0
146131,0
146149,1
146154,1
146183,1
146196,1
146274,0
146359,1
146392,1
146453,0
146482,1
146509,1
146513,0
146584,0
146606,0
146610,0
146647,0
146675,1
146739,1
146741,0
146756,1
146760,0
146836,0
146843,0
146858,1
146870,1
146929,1
146940,0
146964,1
146986,0
146993,0
147017,0
147040,1
147055,0
147064,1
147093,0
147126,1
147135,0
147208,1
147212,1
147231,0
147254,1
147277,1
147296,1
147323,0
147352,1
147368,1
147436,0
147443,0
147470,0
147489,0
147502,0
147518,0
147556,1
147573,1
147600,0
147616,0
147628,0
147644,0
147663,1
147671,0
147692,1
147713,1
147732,0
147766,1
147784,0
147807,0
147811,0
147830,0
147848,0
147876,0
147882,0
147895,1
147922,0
147967,0
147980,1
148010,0
148023,0
148047,1
148052,0
148068,1
148081,1
148099,0
148109,1
148132,0
148145,1
148150,0
148166,0
148178,0
148184,1
148197,0
148227,0
148236,1
148270,0
148301,0
148340,1
148355,0
148372,0
148420,1
148431,0
148449,0
148465,1
148477,0
148522,1
148546,1
148551,1
148567,1
148580,1
148607,1
148611,1
148630,0
148648,1
148669,1
148682,1
148703,0
148726,1
148735,0
148742,0
148774,1
148788,0
148800,1
148816,1
148828,0
148844,0
148859,0
148863,1
148871,1
148885,0
148892,0
148902,0
148925,1
148941,0
148956,1
148973,0
148994,1
149003,0
149026,0
149042,1
149057,0
149061,1
149074,0
149088,1
149171,1
149214,1
149279,1
149298,0
149312,0
149349,0
149377,0
149417,0
149429,0
149438,1
149440,0
149455,0
149464,1
149472,0
149536,0
149558,0
149562,0
149570,0
149589,0
149591,1
149602,0
149625,1
149641,0
149656,0
149723,0
149747,1
149781,0
149799,1
149832,0
149845,0
149878,1
149884,0
149897,0
149907,0
149948,0
149953,1
150003,1
150019,0
150035,1
150057,1
150074,0
150088,0
150100,0
150116,0
150128,1
150171,0
150214,1
150251,0
150267,1
150279,0
150320,0
150331,1
150383,1
150429,1
150438,1
150464,1
150472,0
150558,0
150589,1
150591,0
150602,0
150625,1
150639,1
150641,0
150660,0
150673,1
150694,0
150723,1
150752,1
150781,0
150809,0
150832,0
150866,0
150907,1
150911,0
150924,0
150969,0
151004,1
151027,0
151155,0
151164,0
151172,1
151193,1
151206,1
151223,1
151247,1
151268,1
151313,1
151321,0
151332,0
151345,0
151366,1
151378,0
151402,1
151439,1
151456,0
151460,0
151494,1
151537,1
151571,0
151592,1
151619,0
151626,0
151635,1
151661,0
151690,0
151711,1
151724,0
151730,0
151769,0
151805,1
151814,1
151851,0
151867,0
151879,1
151912,0
151977,0
152006,1
152052,0
152068,1
152099,1
152121,1
152145,0
152150,0
152178,0
152184,0
152227,0
152291,1
152329,1
152338,1
152372,1
152386,0
152449,1
152454,0
152496,1
152505,0
152522,1
152546,0
152579,0
152598,0
152630,1
152682,0
152695,1
152703,1
152726,1
152800,0
152844,0
152863,1
152892,0
152918,0
152925,1
152939,1
152941,1
152956,0
153038,1
153040,1
153055,0
153064,0
153072,0
153086,1
153093,0
153126,0
153161,0
153174,0
153190,1
153208,0
153212,1
153220,1
153249,0
153265,0
153283,0
153306,1
153323,0
153347,1
153352,1
153368,0
153415,0
153427,0
153443,1
153462,0
153489,0
153525,1
153541,1
153556,1
153594,0
153600,0
153616,0
153637,0
153644,1
153659,0
153663,1
153671,1
153692,0
153709,1
153713,0
153745,0
153766,1
153778,0
153797,0
153811,0
153830,1
153869,1
153882,0
153895,0
153905,0
153933,0
153951,1
153980,0
154076,0
154114,0
154122,1
154167,0
154179,0
154180,1
154216,1
154228,0
154259,1
154263,0
154271,1
154285,1
154292,0
154318,1
154325,0
154339,0
154341,1
154356,0
154360,1
154445,0
154478,0
154497,0
154506,0
154547,0
154552,1
154568,1
154581,0
154608,0
154612,1
154631,1
154654,0
154665,0
154677,0
154683,0
154704,0
154715,0
154736,1
154743,0
154762,1
154789,1
154829,1
154838,0
154872,0
154886,0
154893,1
154935,0
154942,0
154957,0
154990,0
155020,1
155031,1
155083,0
155123,1
155168,1
155217,0
155229,0
155238,0
155335,1
155342,0
155357,0
155390,0
155446,0
155467,1
155530,1
155548,0
155553,0
155569,0
155576,1
155621,0
155666,0
155716,1
155728,0
155737,0
155771,1
155785,0
155792,1
155818,1
155825,1
155856,0
155887,1
155894,1
155915,1
155927,1
155936,0
155958,0
155970,0
155991,1
156021,0
156032,1
156078,1
156084,0
156097,1
156195,0
156218,0
156225,0
156241,1
156256,0
156260,0
156273,0
156304,1
156327,0
156336,0
156362,1
156370,1
156391,1
156406,1
156434,0
156452,0
156468,1
156499,0
156508,0
156512,0
156520,0
156531,0
156549,0
156554,1
156565,1
156577,0
156596,0
156605,0
156614,1
156622,0
156633,0
156646,0
156679,0
156717,0
156729,0
156738,0
156755,0
156764,1
156786,0
156819,0
156826,0
156835,1
156857,0
156874,1
156888,1
156916,1
156959,0
156963,1
156992,1
157000,0
157016,1
157037,0
157059,0
157063,1
157085,1
157092,1
157125,1
157139,0
157156,1
157173,1
157187,0
157194,0
157211,1
157230,1
157305,1
157346,0
157367,0
157379,0
157403,0
157419,1
157435,0
157442,1
157457,1
157474,0
157488,1
157501,0
157555,0
157564,0
157615,1
157627,0
157643,0
157689,0
157731,0
157749,1
157754,0
157796,1
157823,1
157847,1
157852,1
157868,1
157875,1
157899,1
157913,1
157921,0
157932,1
157945,0
157978,0
157997,0
158005,1
158022,0
158079,0
158108,0
158112,0
158120,0
158154,0
158165,0
158183,0
158235,1
158242,0
158257,0
158274,0
158288,0
158316,0
158337,1
158385,1
158392,1
158430,1
158448,1
158469,0
158476,1
158482,1
158550,1
158578,0
158584,0
158597,1
158610,1
158647,1
158668,0
158675,0
158699,1
158718,0
158739,1
158741,1
158756,0
158760,0
158773,0
158815,1
158827,0
158836,0
158889,0
158901,1
158929,0
158955,1
158964,1
158993,0
159002,0
159018,1
159039,1
159087,0
159127,1
159136,0
159143,1
159189,0
159209,0
159213,0
159245,1
159266,1
159297,0
159311,0
159348,1
159369,0
159376,0
159400,1
159437,1
159444,0
159459,1
159463,1
159471,0
159503,1
159526,0
159535,1
159542,0
159629,0
159638,0
159672,1
159686,0
159767,1
159779,0
159798,0
159808,0
159831,1
159865,1
159896,1
159906,0
159910,0
159934,1
159952,1
159999,1
160011,0
160024,1
160030,0
160069,0
160076,0
160105,0
160122,0
160133,0
160151,0
160167,1
160180,1
160198,0
160200,1
160228,1
160285,0
160292,0
160325,1
160339,0
160409,1
160421,0
160478,0
160506,1
160510,0
160523,1
160534,0
160552,1
160612,0
160631,0
160654,0
160696,0
160715,1
160743,0
160817,0
160829,1
160838,0
160840,0
160864,0
160893,0
160919,0
160935,1
160957,0
160974,0
161006,1
161047,0
161068,0
161075,0
161081,1
161099,0
161109,1
161113,0
161121,0
161145,0
161178,1
161184,0
161204,1
161236,0
161262,0
161270,0
161329,1
161364,0
161449,1
161454,1
161477,0
161522,0
161533,0
161546,0
161598,0
161607,0
161624,0
161648,0
161653,1
161703,1
161757,0
161788,1
161790,1
161828,1
161837,0
161871,1
161885,1
161925,0
161939,0
161994,0
162004,0
162027,1
162062,1
162091,1
162101,0
162117,1
162129,0
162138,0
162140,0
162164,0
162172,1
162206,1
162281,1
162313,0
162332,1
162345,1
162366,1
162378,0
162402,0
162418,0
162425,0
162441,0
162456,1
162516,1
162559,0
162563,0
162626,0
162635,1
162661,0
162674,1
162688,0
162690,0
162711,1
162753,0
162795,1
162833,1
162867,0
162898,1
162931,1
162954,0
162965,0
162977,0
162983,0
162996,0
163009,1
163013,0
163050,0
163078,0
163107,0
163130,1
163148,0
163153,0
163202,0
163218,0
163239,1
163256,1
163260,1
163287,0
163315,0
163358,1
163362,1
163370,0
163389,1
163391,0
163406,1
163447,1
163452,0
163468,1
163481,0
163508,0
163512,0
163577,1
163583,0
163614,0
163622,0
163633,0
163680,0
163701,0
163717,1
163755,1
163793,1
163803,0
163819,1
163826,1
163857,0
163874,0
163890,0
163900,0
163916,1
163971,1
163985,0
163992,0
164003,0
164035,0
164061,1
164074,0
164088,1
164116,0
164128,1
164144,0
164163,0
164192,0
164214,0
164251,0
164267,1
164298,1
164308,0
164331,0
164396,1
164440,1
164455,1
164504,1
164527,0
164543,0
164591,1
164618,0
164625,0
164639,1
164656,1
164660,1
164687,1
164694,0
164710,0
164734,1
164747,0
164781,0
164809,0
164821,1
164832,1
164850,0
164866,0
164884,1
164907,1
164911,0
164930,0
164953,0
164995,1
165002,0
165018,0
165039,1
165056,0
165087,0
165136,0
165143,1
165170,0
165245,0
165266,0
165297,0
165324,0
165330,0
165400,0
165428,1
165437,1
165459,0
165471,1
165485,0
165503,1
165526,0
165561,1
165617,0
165629,0
165638,1
165640,0
165664,1
165672,1
165751,0
165780,1
165798,0
165812,1
165820,0
165849,1
165854,1
165877,0
165896,0
165906,0
165910,1
165968,0
165975,0
165981,0
166017,0
166064,0
166072,0
166086,1
166103,0
166142,1
166188,0
166208,0
166212,1
166283,1
166296,0
166334,0
166347,0
166352,1
166458,0
166489,0
166491,1
166539,1
166560,1
166573,0
166587,0
166637,0
166644,1
166663,1
166709,1
166713,0
166721,1
166745,1
166766,0
166778,0
166797,1
166811,1
166824,0
166830,0
166848,0
166869,0
166895,0
166905,1
166914,0
166967,1
166979,1
166998,0
167033,1
167046,0
167051,1
167079,1
167080,0
167108,1
167112,0
167131,0
167149,0
167154,0
167165,1
167203,1
167219,0
167226,0
167288,1
167316,0
167328,1
167337,0
167359,0
167385,1
167392,0
167411,0
167424,0
167495,1
167509,1
167513,1
167532,1
167550,0
167566,1
167610,1
167623,0
167634,0
167647,1
167675,0
167681,0
167773,1
167815,0
167836,0
167862,0
167870,1
167889,0
167891,1
167917,1
167929,0
167938,0
167955,1
167993,0
168000,1
168016,1
168037,0
168044,0
168059,0
168063,1
168102,0
168141,0
168156,1
168173,0
168187,0
168230,1
168253,0
168276,0
168295,1
168305,1
168333,1
168346,1
168379,1
168419,1
168426,0
168461,0
168474,0
168488,0
168501,0
168555,1
168572,0
168615,0
168662,0
168670,0
168708,0
168712,0
168720,1
168731,0
168754,1
168783,0
168823,0
168868,0
168875,0
168932,0
168950,1
168984,1
168997,0
169008,0
169012,1
169031,0
169049,0
169065,0
169077,1
169106,0
169110,1
169123,0
169255,0
169264,1
169272,1
169293,0
169303,0
169319,0
169342,0
169361,1
169388,0
169390,0
169405,1
169446,0
169479,0
169498,1
169511,1
169553,1
169576,1
169613,1
169621,1
169645,1
169666,1
169697,1
169700,1
169759,0
169763,0
169802,0
169825,1
169839,1
169856,1
169887,1
169915,0
169927,0
169943,0
169958,1
170032,1
170045,1
170050,0
170130,1
170148,1
170176,1
170202,1
170218,0
170241,0
170294,0
170315,1
170327,1
170343,0
170389,1
170406,0
170423,1
170447,0
170475,0
170481,0
170520,1
170549,0
170554,0
170633,1
170646,1
170667,1
170698,0
170717,1
170729,1
170738,0
170740,1
170764,0
170772,0
170835,0
170857,0
170890,0
170916,0
170928,0
170937,0
170944,0
170963,1
171020,0
171031,0
171065,1
171083,0
171096,0
171110,0
171134,0
171147,0
171175,0
171181,1
171199,1
171229,0
171272,0
171286,1
171293,1
171303,1
171319,0
171335,1
171357,0
171361,1
171390,1
171414,0
171479,1
171498,0
171507,1
171530,1
171548,1
171553,0
171569,0
171582,1
171666,1
171678,1
171684,1
171697,0
171700,1
171716,1
171802,1
171818,0
171839,0
171856,0
171873,0
171887,0
171894,0
171904,0
171915,0
171943,0
171958,1
171970,0
171989,0
172001,0
172038,0
172040,0
172064,1
172086,1
172103,1
172135,1
172157,0
172190,0
172220,0
172375,0
172381,1
172404,1
172443,1
172458,0
172470,1
172489,0
172491,1
172518,1
172525,0
172539,1
172541,1
172556,0
172560,1
172587,0
172594,0
172659,1
172685,0
172709,1
172732,1
172778,0
172848,1
172869,0
172876,1
172951,0
172967,1
172979,1
172980,1
173006,1
173010,0
173109,0
173113,1
173145,0
173150,1
173166,0
173197,0
173204,1
173215,0
173227,0
173243,1
173270,1
173317,0
173372,0
173393,0
173420,0
173465,1
173514,1
173522,1
173546,0
173580,1
173607,0
173676,1
173682,1
173719,0
173735,1
173742,0
173774,0
173816,1
173859,0
173892,1
173902,1
173918,1
173987,0
173994,0
174000,1
174016,0
174028,1
174085,0
174092,0
174125,1
174139,1
174187,1
174207,0
174211,1
174248,1
174276,0
174295,0
174305,0
174367,1
174379,0
174419,0
174435,0
174442,1
174488,0
174490,0
174501,0
174517,1
174538,0
174564,0
174572,1
174586,1
174643,0
174658,1
174689,0
174749,1
174754,0
174796,0
174810,0
174875,0
174913,1
174932,0
174945,0
174950,0
174966,0
175015,0
175027,0
175117,0
175129,1
175155,1
175164,0
175186,0
175193,0
175206,0
175210,0
175234,0
175252,0
175268,1
175275,0
175313,1
175332,0
175350,0
175366,1
175397,0
175402,1
175456,0
175473,1
175487,1
175528,0
175544,1
175585,1
175592,0
175626,1
175635,0
175674,0
175688,1
175730,1
175748,0
175753,0
175776,1
175795,1
175805,0
175822,0
175867,1
175879,1
175898,0
175908,0
175912,0
175920,0
175954,0
175996,1
176026,0
176035,1
176090,1
176100,0
176116,1
176192,1
176233,0
176251,1
176267,1
176279,1
176280,1
176298,0
176320,0
176331,0
176354,1
176365,0
176377,1
176383,0
176417,0
176455,0
176472,0
176504,0
176543,1
176558,1
176570,0
176589,0
176591,1
176618,0
176687,0
176710,0
176734,0
176775,0
176809,0
176884,1
176897,0
176930,0
176948,1
176976,0
176982,0
177007,1
177024,0
177030,1
177053,0
177069,1
177095,1
177122,1
177133,1
177146,1
177151,1
177180,1
177198,0
177200,0
177237,0
177259,1
177271,0
177285,1
177292,0
177325,0
177341,1
177356,1
177387,0
177409,1
177413,1
177421,1
177432,0
177445,0
177450,0
177478,0
177497,1
177506,1
177523,0
177547,0
177552,0
177568,0
177608,0
177612,1
177696,0
177715,0
177736,1
177743,1
177840,1
177872,0
177919,0
177957,0
177961,1
177988,1
177990,0
178018,1
178039,0
178056,1
178060,0
178073,0
178087,0
178115,0
178136,0
178143,0
178162,0
178170,1
178189,1
178209,1
178221,0
178245,1
178250,1
178348,0
178395,1
178400,0
178416,0
178428,0
178459,0
178503,1
178519,1
178526,0
178542,1
178574,1
178617,0
178629,1
178640,0
178655,1
178672,0
178686,1
178714,0
178722,0
178779,0
178780,0
178820,0
178849,1
178910,0
178968,0
178975,1
178981,1
178999,1
179080,1
179112,1
179131,0
179165,0
179235,1
179257,1
179261,0
179274,1
179288,0
179290,1
179363,1
179371,0
179411,0
179430,1
179482,1
179495,0
179513,0
179532,0
179545,1
179597,0
179634,1
179652,0
179739,0
179741,0
179815,0
179827,0
179836,0
179858,1
179938,0
179993,0
180020,0
180054,1
180065,0
180083,1
180096,0
180123,0
180134,1
180152,0
180201,1
180255,0
180293,1
180319,0
180361,1
180374,0
180405,1
180414,0
180422,0
180451,0
180467,0
180480,0
180498,0
180511,1
180524,0
180530,0
180548,0
180569,0
180576,1
180609,1
180613,1
180621,0
180632,0
180684,0
180697,1
180744,1
180759,0
180763,1
180785,0
180825,0
180856,1
180904,0
180915,0
180962,0
180970,0
180991,0
181030,0
181048,0
181082,0
181133,0
181180,0
181228,0
181259,1
181263,1
181292,0
181302,0
181318,0
181325,1
181339,0
181341,1
181356,0
181360,1
181373,1
181394,1
181409,0
181413,0
181466,1
181497,0
181510,1
181552,0
181575,0
181612,1
181649,0
181727,0
181743,0
181758,0
181770,1
181789,1
181817,0
181829,1
181838,1
181855,0
181886,0
181919,0
182037,1
182044,0
182059,0
182092,0
182139,0
182141,0
182160,0
182173,0
182207,0
182224,0
182248,0
182253,1
182276,1
182295,0
182305,0
182367,0
182435,0
182442,0
182457,1
182461,1
182488,1
182538,1
182564,1
182593,0
182604,1
182615,1
182627,1
182636,1
182643,1
182662,0
182712,1
182731,1
182765,1
182777,1
182806,0
182847,0
182875,1
182881,0
182899,0
182913,1
182950,0
182978,0
182984,1
183014,0
183033,1
183067,1
183098,1
183108,1
183112,1
183120,1
183131,0
183154,0
183165,0
183226,0
183261,1
183274,0
183290,0
183300,1
183316,1
183328,1
183363,1
183371,0
183392,1
183411,0
183424,0
183469,1
183476,1
183521,0
183532,0
183545,0
183550,1
183606,0
183610,0
183652,1
183702,0
183739,0
183741,1
183756,1
183760,1
183773,1
183787,0
183815,1
183827,0
183843,0
183870,1
183891,1
183901,0
183917,0
183938,1
183940,0
183955,1
183972,0
184004,1
184015,1
184043,0
184058,1
184062,0
184070,0
184089,1
184091,0
184117,1
184140,1
184164,0
184193,1
184234,0
184268,0
184275,1
184281,0
184313,0
184350,0
184425,0
184456,0
184460,0
184500,1
184537,0
184559,0
184563,1
184571,0
184635,1
184642,1
184657,1
184661,0
184690,0
184707,0
184711,0
184730,0
184748,1
184776,1
184805,0
184822,1
184949,0
184977,0
185074,1
185088,0
185137,0
185159,1
185171,0
185192,0
185222,1
185312,1
185383,1
185396,0
185417,1
185438,1
185472,1
185486,1
185527,1
185543,1
185558,0
185589,1
185591,0
185639,0
185656,1
185673,0
185694,0
185706,1
185747,0
185799,1
185821,0
185850,0
185878,0
185884,1
185897,0
185911,1
185930,1
185995,1
186018,0
186056,1
186060,0
186073,1
186087,0
186158,0
186162,1
186189,0
186213,1
186221,1
186232,1
186245,0
186266,0
186307,1
186353,1
186369,1
186376,0
186382,0
186395,0
186444,1
186471,1
186485,0
186503,0
186542,1
186601,0
186629,1
186640,1
186686,1
186693,0
186722,1
186733,1
186767,0
186808,0
186820,1
186865,0
186877,0
186883,0
186896,0
186910,1
186947,0
186975,1
187006,0
187034,1
187068,0
187113,1
187121,0
187132,1
187145,0
187150,0
187197,1
187204,1
187215,1
187227,1
187236,1
187258,0
187262,1
187270,0
187289,0
187329,1
187338,1
187340,0
187372,0
187386,1
187412,0
187431,1
187483,1
187514,1
187522,1
187546,0
187567,0
187580,1
187598,0
187611,1
187630,0
187695,1
187735,1
187742,0
187761,0
187788,0
187790,0
187816,0
187828,0
187837,0
187844,1
187859,0
187871,1
187885,1
187892,1
187902,1
187925,1
187941,1
188017,0
188038,1
188055,1
188064,0
188072,0
188086,0
188119,1
188126,0
188135,0
188142,0
188188,1
188190,1
188220,0
188231,1
188254,1
188277,1
188310,1
188334,0
188368,0
188375,0
188404,1
188415,1
188443,0
188462,0
188489,1
188573,1
188600,0
188616,0
188637,0
188659,0
188663,1
188685,0
188692,1
188709,1
188721,1
188807,0
188830,0
188848,1
188853,0
188869,0
188876,0
188905,0
188933,0
188951,0
188967,0
188979,1
188980,0
188998,1
189009,0
189032,1
189050,1
189066,0
189078,0
189084,0
189097,1
189107,0
189124,0
189130,0
189182,0
189195,1
189202,0
189239,0
189241,0
189260,1
189273,1
189287,1
189294,0
189315,1
189327,1
189343,1
189358,1
189362,0
189370,0
189389,1
189391,0
189406,1
189423,0
189452,0
189475,1
189512,1
189565,0
189577,1
189614,1
189633,1
189646,1
189667,1
189680,0
189717,1
189793,0
189842,0
189861,1
189900,0
189916,1
189959,1
190000,0
190016,0
190028,1
190059,1
190118,0
190173,0
190194,1
190207,1
190224,0
190253,1
190269,0
190276,0
190282,0
190295,1
190322,1
190333,0
190367,1
190379,1
190380,0
190398,1
190435,0
190457,1
190461,0
190474,1
190490,1
190586,0
190627,1
190643,1
190658,0
190662,0
190670,1
190720,0
190731,1
190852,0
190868,1
190875,1
190881,1
190909,1
190932,0
190945,0
190950,0
190966,0
190978,0
191029,1
191103,1
191119,1
191157,0
191161,0
191174,1
191190,0
191220,1
191249,1
191254,1
191296,0
191310,1
191334,1
191415,1
191470,1
191489,0
191491,0
191502,0
191518,0
191525,1
191539,0
191556,1
191560,0
191573,1
191594,1
191616,0
191637,0
191644,0
191659,0
191685,0
191709,0
191732,0
191750,0
191766,1
191784,0
191797,0
191853,0
191876,1
191882,0
191895,0
191922,1
191951,1
191980,0
192012,1
192020,0
192054,0
192077,0
192110,0
192147,1
192168,0
192175,1
192181,1
192199,1
192229,1
192238,1
192240,0
192255,1
192272,1
192293,1
192326,0
192357,0
192374,1
192390,0
192414,1
192422,1
192446,0
192451,1
192479,1
192480,0
192548,1
192569,1
192595,0
192645,0
192697,0
192716,0
192728,1
192744,1
192771,1
192792,1
192818,0
192856,1
192873,1
192927,0
192936,1
192943,1
192962,1
192989,0
192991,0
193019,1
193042,1
193088,0
193090,0
193100,0
193116,1
193128,0
193159,1
193171,0
193205,1
193233,1
193267,0
193298,0
193320,0
193354,0
193365,1
193383,1
193401,1
193429,1
193440,1
193464,0
193472,1
193493,0
193543,0
193589,0
193618,0
193660,0
193673,0
193687,0
193710,0
193734,0
193747,1
193799,0
193809,0
193845,1
193866,0
193884,1
193907,0
193911,1
193982,1
194009,0
194013,1
194021,1
194050,0
194066,1
194097,1
194124,0
194130,0
194153,0
194202,1
194218,0
194225,0
194239,1
194256,1
194287,1
194315,1
194327,1
194358,0
194370,0
194389,0
194406,1
194452,0
194468,0
194481,0
194531,0
194565,0
194583,0
194596,1
194633,1
194646,0
194667,1
194679,0
194680,0
194698,0
194717,0
194729,1
194755,0
194793,1
194803,1
194835,1
194861,0
194874,1
194900,1
194916,1
194928,1
194937,0
194944,0
194985,1
195079,1
195080,1
195108,1
195120,0
195131,1
195154,0
195177,1
195203,0
195219,1
195226,1
195257,0
195288,0
195300,0
195337,1
195344,0
195359,0
195385,1
195411,0
195424,1
195430,1
195509,1
195513,1
195532,0
195597,1
195606,1
195610,0
195652,1
195681,0
195702,1
195718,0
195741,0
195773,1
195787,1
195804,0
195827,1
195862,1
195891,0
195917,0
195929,1
195964,0
195972,1
195986,1
196006,0
196010,0
196034,1
196047,1
196052,0
196081,0
196121,1
196132,0
196197,0
196204,0
196258,0
196270,0
196289,0
196317,0
196329,1
196355,0
196372,1
196408,1
196454,0
196483,0
196496,1
196514,1
196533,0
196546,0
196551,1
196580,0
196607,1
196630,1
196676,1
196682,0
196719,0
196726,0
196761,0
196774,1
196816,0
196844,1
196918,1
196925,0
196960,1
196987,0
197002,1
197018,1
197025,1
197087,1
197094,1
197104,1
197115,1
197127,1
197136,1
197143,1
197158,0
197189,1
197191,1
197221,0
197232,0
197245,1
197284,1
197297,0
197307,1
197311,0
197400,1
197428,0
197437,1
197444,0
197459,0
197463,1
197492,1
197519,0
197574,0
197590,0
197601,0
197693,0
197714,1
197751,0
197798,0
197808,0
197831,1
197849,1
197854,1
197865,1
197910,0
197975,0
197981,0
198007,0
198069,0
198076,1
198095,0
198114,1
198122,1
198151,1
198167,0
198200,1
198263,0
198318,1
198325,1
198339,0
198356,0
198373,1
198394,1
198413,1
198445,1
198466,0
198484,1
198510,1
198523,0
198534,0
198547,1
198568,0
198575,0
198631,0
198649,1
198665,1
198683,0
198704,0
198736,1
198743,0
198758,0
198762,1
198801,0
198817,0
198829,1
198838,0
198840,0
198872,1
198893,0
198942,0
198961,0
198990,0
199004,1
199036,1
199043,0
199058,0
199091,0
199140,1
199164,1
199186,0
199193,0
199206,0
199247,0
199281,0
199313,0
199378,0
199402,1
199439,0
199473,1
199487,0
199494,0
199516,0
199559,0
199592,1
199603,1
199619,0
199688,1
199690,0
199707,0
199711,0
199724,0
199730,0
199753,1
199769,0
199776,0
199822,0
199846,1
199879,0
199898,0
199931,0
199954,0
